user,date,stars,title,description
Eugene Von, Wed Jun 05 2019 16:39:04 GMT-0500 (CDT), 5, Principal Accountability Administrator, Ut voluptatum earum numquam et.
Lulu Oberbrunner II, Thu Jun 06 2019 13:36:46 GMT-0500 (CDT), 5, Dynamic Operations Executive, Assumenda omnis et.
Myron Abshire, Wed Jun 05 2019 23:50:41 GMT-0500 (CDT), 5, Regional Applications Assistant, Alias velit et dolor numquam minus eligendi minima modi quod.
Mr. Sienna Gibson, Wed Jun 05 2019 18:57:38 GMT-0500 (CDT), 5, Product Solutions Consultant, Quisquam a alias sequi ut magni necessitatibus.
Emily Cartwright, Wed Jun 05 2019 17:20:05 GMT-0500 (CDT), 5, Chief Program Officer, Eligendi sunt veritatis ut cumque ut.
Francesco Marquardt, Thu Jun 06 2019 07:10:57 GMT-0500 (CDT), 5, Global Web Technician, Ut voluptas omnis ut necessitatibus aliquam ut quia accusamus.
Dee Veum, Thu Jun 06 2019 06:57:46 GMT-0500 (CDT), 5, Product Infrastructure Strategist, Sapiente velit veniam ut.
Everardo Kassulke, Wed Jun 05 2019 21:13:18 GMT-0500 (CDT), 5, International Assurance Designer, Et eveniet voluptas soluta tempora illo et nulla ut.
Jonatan Kertzmann, Wed Jun 05 2019 19:06:45 GMT-0500 (CDT), 5, Principal Accounts Consultant, Voluptatibus aut placeat facere ut repellat.
Elda Heidenreich DVM, Thu Jun 06 2019 07:04:17 GMT-0500 (CDT), 5, Chief Accounts Technician, Et blanditiis iusto saepe officia rerum nulla sapiente culpa sit.
